{"cameraMode":{"drawMode":0,"name":"Shaded","section":"Shading Mode"},"sceneLighting":true,"audioPlay":false,"sceneViewState":{"showFog":true,"showMaterialUpdate":false,"showSkybox":true,"showFlares":true,"showImageEffects":true,"showParticleSystems":true},"in2DMode":false,"pivot":{"x":-10.364314079284668,"y":-0.38535594940185549,"z":-20.044239044189454},"rotation":{"x":0.0011688538361340762,"y":0.9884872436523438,"z":-0.15122531354427339,"w":0.007712948601692915},"size":10.0,"orthographic":false}