{"cameraMode":{"drawMode":0,"name":"Shaded","section":"Shading Mode"},"sceneLighting":true,"audioPlay":false,"sceneViewState":{"showFog":false,"showMaterialUpdate":false,"showSkybox":false,"showFlares":false,"showImageEffects":false,"showParticleSystems":false},"in2DMode":false,"pivot":{"x":1408.9893798828125,"y":11.457330703735352,"z":942.1410522460938},"rotation":{"x":-0.002654447453096509,"y":0.4692355692386627,"z":0.001396991778165102,"w":0.8830828666687012},"size":1703.899658203125,"orthographic":false}