{"cameraMode":{"drawMode":0,"name":"Shaded","section":"Shading Mode"},"sceneLighting":true,"audioPlay":false,"sceneViewState":{"showFog":true,"showMaterialUpdate":false,"showSkybox":true,"showFlares":true,"showImageEffects":true,"showParticleSystems":true},"in2DMode":false,"pivot":{"x":-8.388235092163086,"y":-1.461061954498291,"z":-16.994354248046876},"rotation":{"x":-0.09447696805000305,"y":-0.9025238752365112,"z":0.3338518440723419,"w":-0.2553175687789917},"size":6.071014404296875,"orthographic":false}